Business,Google URL
BHOMFS,https://maps.google.com/?cid=1930920335832877498
"Parvaz Farnad Mizrahi, DDS, MPH, FICD
",https://maps.google.com/?cid=11419066896813543666
"ORAL & MAXILLOFACIAL SURGERY: David Salehani, DDS, MD",https://maps.google.com/?cid=14786445854392286296
"S. SHAUN DANESHGAR, D.M.D. / ORAL SURGERY CENTER",https://maps.google.com/?cid=11524555008503599665
"Michael C. Borenstein, DDS",https://maps.google.com/?cid=6012734078110047240
Lac & Usc Medical Center: Lew Kevin E DDS,https://maps.google.com/?cid=18106967138122703668
Los Angeles Center for Oral Surgery & Dental Implants,https://maps.google.com/?cid=6636955949778107550
Beverly Hills Oral & Facial Surgeon - Wisdom Teeth Removal & Dental Implants,https://maps.google.com/?cid=10959321680143949870
"Santa Monica Center for Oral Surgery and Dental Implants",https://maps.google.com/?cid=4667132010513385556
"Beverly Hills Oral Surgery",https://maps.google.com/?cid=10458647822383042353
"Synergy Dental Implant and Oral Surgery Center",https://maps.google.com/?cid=13948452701193944407
